keys,en
CHAT_OPENER_1,trading my factory new awp 4 ur ak
CHAT_OPENER_1_Q1,fn for real? not battle-scarred?
CHAT_OPENER_1_Q1_A1,"0.01 float, basically mint"
CHAT_OPENER_1_Q1_A2,"fresh from a case, never used"
CHAT_OPENER_1_Q1_A3,"fn, just look at the icon"
CHAT_OPENER_1_Q2,why trade an fn awp for my ak?
CHAT_OPENER_1_Q2_A1,"i play rifles now, awp is boring"
CHAT_OPENER_1_Q2_A2,"ur ak pattern is rare, i like it"
CHAT_OPENER_1_Q2_A3,just want something new
CHAT_OPENER_2,"got a karambit, min wear. want it?"
CHAT_OPENER_2_Q1,whats the float?
CHAT_OPENER_2_Q1_A1,"super low, like 0.07"
CHAT_OPENER_2_Q1_A2,"min wear, u see it in the trade"
CHAT_OPENER_2_Q1_A3,"dont need float, it looks clean"
CHAT_OPENER_2_Q2,what u want for it?
CHAT_OPENER_2_Q2_A1,just ur ak and ur gloves
CHAT_OPENER_2_Q2_A2,"ur 2 best skins, cheap for a knife"
CHAT_OPENER_2_Q2_A3,"whole inventory, fair deal"
CHAT_OPENER_3,ill overpay. my fn knife for ur awp
CHAT_OPENER_3_Q1,overpay? whats the catch
CHAT_OPENER_3_Q1_A1,"no catch, i need an awp today"
CHAT_OPENER_3_Q1_A2,"tournament tmrw, need an awp"
CHAT_OPENER_3_Q1_A3,"im nice, thats the catch"
CHAT_OPENER_3_Q2,send a screenshot of the knife?
CHAT_OPENER_3_Q2_A1,"no time, trade is faster"
CHAT_OPENER_3_Q2_A2,the trade window shows it
CHAT_OPENER_3_Q2_A3,"icon is right there, look"
CHAT_OPENER_4,upgrade? my fn gloves for ur knife
CHAT_OPENER_4_Q1,gloves r worth more tho?
CHAT_OPENER_4_Q1_A1,"i know, i just like knives"
CHAT_OPENER_4_Q1_A2,"not for me, i hate gloves"
CHAT_OPENER_4_Q1_A3,"yes, its ur lucky day"
CHAT_OPENER_4_Q2,"fn gloves, u sure?"
CHAT_OPENER_4_Q2_A1,"factory new, check the name"
CHAT_OPENER_4_Q2_A2,"fn, never worn in a match"
CHAT_OPENER_4_Q2_A3,"100%, zero scratches"
CHAT_OPENER_5,"rare pattern ak, trade 4 ur deagle?"
CHAT_OPENER_5_Q1,which pattern?
CHAT_OPENER_5_Q1_A1,"blue gem, super rare"
CHAT_OPENER_5_Q1_A2,the full gold one
CHAT_OPENER_5_Q1_A3,only 3 in the world
CHAT_OPENER_5_Q2,why so cheap?
CHAT_OPENER_5_Q2_A1,i dont know prices lol
CHAT_OPENER_5_Q2_A2,need a deagle for a bet
CHAT_OPENER_5_Q2_A3,"quitting cs, clearing inventory"
CHAT_OPENER_6,"2 fn skins for ur 1, good deal?"
CHAT_OPENER_6_Q1,which 2 skins?
CHAT_OPENER_6_Q1_A1,"fn ak and fn m4, both clean"
CHAT_OPENER_6_Q1_A2,"two fn rifles, look amazing"
CHAT_OPENER_6_Q1_A3,"fn skins, u will love them"
CHAT_OPENER_6_Q2,why give 2 for 1?
CHAT_OPENER_6_Q2_A1,need space in my inventory
CHAT_OPENER_6_Q2_A2,urs matches my knife
CHAT_OPENER_6_Q2_A3,im generous today
CHAT_CURIOUS_1,can u show the wear in the trade?
CHAT_CURIOUS_1_A1,"wear icon is there, look"
CHAT_CURIOUS_1_A2,"trade window says fn, trust"
CHAT_CURIOUS_1_A3,"same pic, same skin, same wear"
CHAT_CURIOUS_2,u sure its the same skin?
CHAT_CURIOUS_2_A1,"same skin, just check the icon"
CHAT_CURIOUS_2_A2,"yes, the exact same one"
CHAT_CURIOUS_2_A3,"look at the name, its there"
CHAT_CURIOUS_3,do u have more fn skins?
CHAT_CURIOUS_3_A1,"tons, lets trade more after"
CHAT_CURIOUS_3_A2,yes but this one is the best
CHAT_CURIOUS_3_A3,"first this one, then more"
CHAT_CURIOUS_4,can i check ur inventory?
CHAT_CURIOUS_4_A1,"private rn, just look in trade"
CHAT_CURIOUS_4_A2,"sure, after the trade"
CHAT_CURIOUS_4_A3,"its loading slow, trust me"
CHAT_SUSPICIOUS_1,this skin looks scratched...
CHAT_SUSPICIOUS_1_A1,thats just the lighting
CHAT_SUSPICIOUS_1_A2,all fn skins look like that
CHAT_SUSPICIOUS_1_A3,ur screen is dirty lol
CHAT_SUSPICIOUS_2,trade says battle-scarred??
CHAT_SUSPICIOUS_2_A1,"bug, it updates after trade"
CHAT_SUSPICIOUS_2_A2,"display glitch, its fn"
CHAT_SUSPICIOUS_2_A3,"wrong icon, happens a lot"
CHAT_SUSPICIOUS_3,my friend said this is the wear scam
CHAT_SUSPICIOUS_3_A1,ur friend is just jealous
CHAT_SUSPICIOUS_3_A2,that was a different guy
CHAT_SUSPICIOUS_3_A3,wear scam isnt even real
CHAT_SUSPICIOUS_4,why is ur offer so good?
CHAT_SUSPICIOUS_4_A1,"i like u, simple as that"
CHAT_SUSPICIOUS_4_A2,im bad at trading lol
CHAT_SUSPICIOUS_4_A3,"dont overthink it, accept"
CHAT_SUSPICIOUS_5,u send first then
CHAT_SUSPICIOUS_5_A1,"cant, trade hold rn"
CHAT_SUSPICIOUS_5_A2,"no, u first, those r the rules"
CHAT_SUSPICIOUS_5_A3,"ok, right after u accept"
CHAT_REPLY_POSITIVE_1,"ok accepting, fn here i come"
CHAT_REPLY_POSITIVE_2,"omg ty, accepting"
CHAT_REPLY_POSITIVE_3,"fine, i trust u"
CHAT_REPLY_POSITIVE_4,"deal, dont scam me lol"
CHAT_REPLY_POSITIVE_5,sending the trade now!!
CHAT_REPLY_NEGATIVE_1,"thats battle-scarred, nice try"
CHAT_REPLY_NEGATIVE_2,i checked the wear. blocked
CHAT_REPLY_NEGATIVE_3,"wear scam, reported"
CHAT_REPLY_NEGATIVE_4,lol no. blocked.
CHAT_REPLY_NEGATIVE_5,go scam someone else
CHAT_TRADE_REQUEST,Trade request
