keys,en,zh_Hans,ru,es,pt,de,ja,fr,pl,ko,zh_Hant,tr,uk,it,cs,hu,vi,sv,nl,da,id,fi,nb,ro,el,bg
WINDOW_MODE_WINDOWED,Windowed,窗口模式,Оконный режим,Ventana,Janela,Fenstermodus,ウィンドウモード,Fenêtré,Okno,창 모드,視窗模式,Pencere,Віконний режим,Finestra,V okně,Ablak,Cửa sổ,Fönsterläge,Venster,Vindue,Jendela,Ikkuna,Vindu,Fereastră,Παράθυρο,Прозорец
WINDOW_MODE_BORDERLESS,Borderless Fullscreen,无边框全屏,Безрамочный,Sin bordes,Sem bordas,Randloses Vollbild,ボーダーレス,Sans bordure,Bez ramki,테두리 없음,無邊框全螢幕,Çerçevesiz,Безрамковий,Senza bordi,Bez okrajů,Szegély nélkül,Không viền,Kantlös helskärm,Randloos,Kantløs,Tanpa bingkai,Reunaton,Kantløs,Fără bordură,Χωρίς πλαίσιο,Без рамка
WINDOW_MODE_FULLSCREEN,Fullscreen,全屏,Полный экран,Pantalla completa,Tela cheia,Vollbild,全画面,Plein écran,Pełny ekran,전체 화면,全螢幕,Tam Ekran,Повний екран,Schermo intero,Celá obrazovka,Teljes képernyő,Toàn màn hình,Helskärm,Volledig scherm,Fuldskærm,Layar penuh,Koko näyttö,Fullskjerm,Ecran complet,Πλήρης οθόνη,Цял екран
SAVE_QUIT,Save & Quit,保存并退出,Сохранить и выйти,Guardar y salir,Salvar e sair,Speichern & Beenden,保存して終了,Sauvegarder et quitter,Zapisz i wyjdź,저장 후 종료,儲存並結束,Kaydet ve Çık,Зберегти й вийти,Salva ed esci,Uložit a skončit,Mentés és kilépés,Lưu và thoát,Spara och avsluta,Opslaan en afsluiten,Gem og afslut,Simpan & Keluar,Tallenna ja lopeta,Lagre og avslutt,Salvează și ieși,Αποθήκευση και έξοδος,Запис и изход
DELETE_SAVE,Delete local save,删除本地存档,Удалить локальный сейв,Eliminar partida local,Excluir save local,Lokalen Spielstand löschen,ローカルセーブを削除,Supprimer sauvegarde locale,Usuń lokalny zapis,로컬 저장 파일 삭제,刪除本機存檔,Yerel kaydı sil,Видалити локальний сейв,Elimina salvataggio locale,Smazat uloženou pozici,Helyi mentés törlése,Xóa bản lưu cục bộ,Radera lokal sparfil,Lokale save verwijderen,Slet lokalt gemt spil,Hapus simpanan lokal,Poista paikallinen tallennus,Slett lokal lagring,Șterge salvarea locală,Διαγραφή αποθήκευσης,Изтриване на записа
DELETE_SAVE_CONFIRM,Are you sure you want to delete your save? All progress will be lost!,确定要删除存档吗？所有进度都将丢失！,"Вы уверены, что хотите удалить сохранение? Весь прогресс будет потерян!",¿Seguro que quieres eliminar tu partida guardada? ¡Se perderá todo el progreso!,Tem certeza de que deseja excluir seu save? Todo o progresso será perdido!,Möchtest du deinen Spielstand wirklich löschen? Der gesamte Fortschritt geht verloren!,セーブデータを削除しますか？すべての進行状況が失われます！,Voulez-vous vraiment supprimer votre sauvegarde ? Toute la progression sera perdue !,Czy na pewno chcesz usunąć zapis? Cały postęp zostanie utracony!,저장 파일을 삭제하시겠습니까? 모든 진행 상황이 사라집니다!,確定要刪除存檔嗎？所有進度都將遺失！,Kaydını silmek istediğine emin misin? Tüm ilerleme kaybolacak!,"Ви впевнені, що хочете видалити збереження? Весь прогрес буде втрачено!",Vuoi davvero eliminare il salvataggio? Tutti i progressi andranno persi!,Opravdu chceš smazat uloženou pozici? Veškerý postup bude ztracen!,Biztosan törölni szeretnéd a mentést? Minden előrehaladás elvész!,Bạn có chắc muốn xóa bản lưu không? Mọi tiến trình sẽ bị mất!,Vill du verkligen radera din sparfil? Alla framsteg går förlorade!,Weet je zeker dat je je save wilt verwijderen? Alle voortgang gaat verloren!,"Er du sikker på, at du vil slette dit gemte spil? Al fremgang går tabt!",Yakin ingin menghapus simpanan? Semua kemajuan akan hilang!,Haluatko varmasti poistaa tallennuksen? Kaikki edistyminen menetetään!,Er du sikker på at du vil slette lagringen? All fremgang går tapt!,Sigur vrei să ștergi salvarea? Tot progresul va fi pierdut!,Σίγουρα θέλετε να διαγράψετε την αποθήκευση; Όλη η πρόοδος θα χαθεί!,"Сигурни ли сте, че искате да изтриете записа? Целият напредък ще бъде загубен!"
DELETE_SAVE_YES,"Yes, delete it!",是的，删除！,"Да, удалить!","¡Sí, eliminar!","Sim, excluir!","Ja, löschen!",はい、削除する！,"Oui, supprimer !","Tak, usuń!","네, 삭제할게요!",是的，刪除！,"Evet, sil!","Так, видалити!","Sì, elimina!","Ano, smazat!","Igen, töröld!","Có, xóa đi!","Ja, radera!","Ja, verwijderen!","Ja, slet!","Ya, hapus!","Kyllä, poista!","Ja, slett!","Da, șterge!","Ναι, διαγραφή!","Да, изтрий!"
DELETE_SAVE_CANCEL,Cancel,取消,Отмена,Cancelar,Cancelar,Abbrechen,キャンセル,Annuler,Anuluj,취소,取消,İptal,Скасувати,Annulla,Zrušit,Mégse,Hủy,Avbryt,Annuleren,Annuller,Batal,Peruuta,Avbryt,Anulează,Άκυρο,Отказ
MAIN_MENU_START,Start Game,开始游戏,Новая игра,Iniciar partida,Iniciar jogo,Spiel starten,ゲームを開始,Nouvelle partie,Nowa gra,게임 시작,開始遊戲,Oyunu başlat,Нова гра,Inizia partita,Nová hra,Játék indítása,Bắt đầu trò chơi,Starta spelet,Spel starten,Start spil,Mulai permainan,Aloita peli,Start spill,Joc nou,Έναρξη παιχνιδιού,Нова игра
MAIN_MENU_CONTINUE,Continue Game,继续游戏,Продолжить игру,Continuar partida,Continuar jogo,Spiel fortsetzen,ゲームを続ける,Continuer la partie,Kontynuuj grę,게임 계속하기,繼續遊戲,Oyuna devam et,Продовжити гру,Continua partita,Pokračovat ve hře,Játék folytatása,Tiếp tục trò chơi,Fortsätt spelet,Spel hervatten,Fortsæt spil,Lanjutkan permainan,Jatka peliä,Fortsett spill,Continuă jocul,Συνέχεια παιχνιδιού,Продължи играта
MAIN_MENU_SETTINGS,Settings,设置,Настройки,Ajustes,Configurações,Einstellungen,設定,Paramètres,Ustawienia,설정,設定,Ayarlar,Налаштування,Impostazioni,Nastavení,Beállítások,Cài đặt,Inställningar,Instellingen,Indstillinger,Pengaturan,Asetukset,Innstillinger,Setări,Ρυθμίσεις,Настройки
MAIN_MENU_CREDITS,Credits,制作人员,Авторы,Créditos,Créditos,Mitwirkende,クレジット,Crédits,Twórcy,제작진,製作人員,Emeği geçenler,Автори,Crediti,Tvůrci,Készítők,Đội ngũ thực hiện,Medverkande,Credits,Medvirkende,Kredit,Tekijät,Medvirkende,Autori,Συντελεστές,Създатели
MAIN_MENU_QUIT,Quit,退出,Выход,Salir,Sair,Beenden,終了,Quitter,Wyjdź,종료,離開,Çıkış,Вихід,Esci,Ukončit,Kilépés,Thoát,Avsluta,Afsluiten,Afslut,Keluar,Lopeta,Avslutt,Ieșire,Έξοδος,Изход
LOADING,Loading,加载中,Загрузка,Cargando,Carregando,Laden,読み込み中,Chargement,Wczytywanie,로딩 중,載入中,Yükleniyor,Завантаження,Caricamento,Načítání,Betöltés,Đang tải,Laddar,Laden,Indlæser,Memuat,Ladataan,Laster,Se încarcă,Φόρτωση,Зареждане
SETTINGS_MASTER_VOLUME,Master volume,主音量,Общая громкость,Volumen general,Volume geral,Gesamtlautstärke,マスター音量,Volume général,Głośność ogólna,마스터 볼륨,主音量,Ana ses seviyesi,Загальна гучність,Volume generale,Celková hlasitost,Fő hangerő,Âm lượng tổng,Huvudvolym,Hoofdvolume,Hovedlydstyrke,Volume utama,Päävoimakkuus,Hovedvolum,Volum general,Κύρια ένταση,Обща сила на звука
SETTINGS_MUSIC_VOLUME,Music volume,音乐音量,Громкость музыки,Volumen de la música,Volume da música,Musiklautstärke,BGM音量,Volume de la musique,Głośność muzyki,음악 볼륨,音樂音量,Müzik ses seviyesi,Гучність музики,Volume musica,Hlasitost hudby,Zene hangereje,Âm lượng nhạc,Musikvolym,Muziekvolume,Musiklydstyrke,Volume musik,Musiikin voimakkuus,Musikkvolum,Volum muzică,Ένταση μουσικής,Сила на музиката
SETTINGS_SFX_VOLUME,Sound effects volume,音效音量,Громкость эффектов,Volumen de efectos,Volume dos efeitos,Effektlautstärke,効果音音量,Volume des effets,Głośność efektów,효과음 볼륨,音效音量,Efekt ses seviyesi,Гучність ефектів,Volume effetti,Hlasitost efektů,Effektek hangereje,Âm lượng hiệu ứng,Effektvolym,Effectvolume,Effektlydstyrke,Volume efek suara,Tehosteiden voimakkuus,Effektvolum,Volum efecte,Ένταση εφέ,Сила на ефектите
SETTINGS_BACK,Back,返回,Назад,Volver,Voltar,Zurück,戻る,Retour,Wstecz,뒤로,返回,Geri,Назад,Indietro,Zpět,Vissza,Quay lại,Tillbaka,Terug,Tilbage,Kembali,Takaisin,Tilbake,Înapoi,Πίσω,Назад
CREDITS_MADE_BY,Made by,制作,Автор,Creado por,Criado por,Entwickelt von,制作,Créé par,Autor,제작,製作,Yapan,Автор,Creato da,Vytvořil,Készítette,Thực hiện bởi,Skapad av,Gemaakt door,Skabt af,Dibuat oleh,Tekijä,Laget av,Creat de,Δημιουργήθηκε από,Създадено от
CREDITS_ENGINE,Engine,引擎,Движок,Motor,Motor,Engine,エンジン,Moteur,Silnik,엔진,引擎,Motor,Рушій,Motore,Engine,Motor,Engine,Motor,Engine,Motor,Mesin,Moottori,Motor,Motor,Μηχανή,Двигател
CREDITS_FONTS,Fonts,字体,Шрифты,Fuentes,Fontes,Schriftarten,フォント,Polices,Czcionki,글꼴,字型,Yazı tipleri,Шрифти,Caratteri,Písma,Betűtípusok,Phông chữ,Typsnitt,Lettertypen,Skrifttyper,Font,Fontit,Skrifttyper,Fonturi,Γραμματοσειρές,Шрифтове
CREDITS_THIRD_PARTY,Third-party components,第三方组件,Сторонние компоненты,Componentes de terceros,Componentes de terceiros,Komponenten von Drittanbietern,サードパーティ製コンポーネント,Composants tiers,Komponenty innych firm,서드파티 구성 요소,第三方元件,Üçüncü taraf bileşenler,Сторонні компоненти,Componenti di terze parti,Komponenty třetích stran,Harmadik féltől származó összetevők,Thành phần bên thứ ba,Tredjepartskomponenter,Componenten van derden,Tredjepartskomponenter,Komponen pihak ketiga,Kolmannen osapuolen komponentit,Tredjepartskomponenter,Componente terțe,Στοιχεία τρίτων,Компоненти на трети страни
CREDITS_LICENSE_TEXTS,License texts,许可证全文,Тексты лицензий,Textos de las licencias,Textos das licenças,Lizenztexte,ライセンス全文,Textes des licences,Treść licencji,라이선스 전문,授權條款全文,Lisans metinleri,Тексти ліцензій,Testi delle licenze,Texty licencí,Licencszövegek,Nội dung giấy phép,Licenstexter,Licentieteksten,Licenstekster,Teks lisensi,Lisenssitekstit,Lisenstekster,Textele licențelor,Κείμενα αδειών,Текстове на лицензите
CREDITS_HINT,Arrow keys scroll - Esc goes back,方向键滚动，Esc 返回,"Стрелки — прокрутка, Esc — назад",Flechas para desplazar - Esc para volver,Setas rolam - Esc volta,Pfeiltasten scrollen - Esc zurück,矢印キーでスクロール、Escで戻る,Flèches pour défiler - Échap pour revenir,Strzałki przewijają - Esc wraca,"화살표 키로 스크롤, Esc로 뒤로",方向鍵捲動，Esc 返回,Oklar kaydırır - Esc geri döner,"Стрілки — прокрутка, Esc — назад",Frecce per scorrere - Esc per tornare,Šipky posouvají - Esc zpět,Nyilakkal görgethetsz - Esc vissza,Mũi tên để cuộn - Esc để quay lại,Piltangenter rullar - Esc går tillbaka,Pijltjes scrollen - Esc gaat terug,Piletaster ruller - Esc går tilbage,Panah menggulir - Esc kembali,Nuolet vierittävät - Esc palaa,Piltaster ruller - Esc går tilbake,Săgețile derulează - Esc înapoi,Βέλη για κύλιση - Esc για πίσω,Стрелките превъртат - Esc се връща
PAUSE_CONTINUE,Continue,继续,Продолжить,Continuar,Continuar,Fortsetzen,続ける,Continuer,Kontynuuj,계속하기,繼續,Devam et,Продовжити,Continua,Pokračovat,Folytatás,Tiếp tục,Fortsätt,Hervatten,Fortsæt,Lanjutkan,Jatka,Fortsett,Continuă,Συνέχεια,Продължи
CS2_QUEUE_FOR_MATCH,Queue for match,开始匹配,Найти матч,Buscar partida,Buscar partida,Match suchen,マッチを探す,Rechercher un match,Szukaj meczu,매치 찾기,開始配對,Maç ara,Шукати матч,Cerca partita,Hledat zápas,Meccs keresése,Tìm trận,Sök match,Match zoeken,Søg efter kamp,Cari pertandingan,Etsi ottelu,Søk etter kamp,Caută meci,Αναζήτηση αγώνα,Търси мач
SKILLS_HIDDEN,???,???,???,???,???,???,???,???,???,???,???,???,???,???,???,???,???,???,???,???,???,???,???,???,???,???
GAMING_COMMUNITY_RECENTLY_PLAYED_WITH,Recently played with,最近一起玩过,Недавно играли вместе,Jugado recientemente con,Jogou recentemente com,Kürzlich gespielt mit,最近一緒に遊んだ,Joué récemment avec,Ostatnio grano z,최근 함께 플레이,最近一起玩過,Son birlikte oynananlar,Нещодавно грали разом,Giocato di recente con,Nedávno hráno s,Legutóbb együtt játszott,Đã chơi cùng gần đây,Nyligen spelat med,Onlangs gespeeld met,Spillet med for nylig,Baru main bersama,Äskettäin pelattu yhdessä,Nylig spilt med,Jucat recent cu,Παίξατε πρόσφατα με,Наскоро играно с
DEBUG_GIVE_MONEY,Give money,,,,,,,,,,,,,,,,,,,,,,,,,
DEBUG_GIVE_TARGETS,Give targets,,,,,,,,,,,,,,,,,,,,,,,,,
DEBUG_GIVE_SKINS,Give skins,,,,,,,,,,,,,,,,,,,,,,,,,
CHROME_SKINS_EMPTY,No skins yet,还没有皮肤,Скинов пока нет,Aún no hay skins,Ainda sem skins,Noch keine Skins,スキンはまだありません,Pas encore de skins,Brak skinów,아직 스킨이 없습니다,還沒有皮膚,Henüz skin yok,Скінів поки немає,Ancora nessuna skin,Zatím žádné skiny,Még nincs skin,Chưa có skin nào,Inga skins än,Nog geen skins,Ingen skins endnu,Belum ada skin,Ei vielä skinejä,Ingen skins ennå,Încă nu ai skinuri,Δεν υπάρχουν skins ακόμα,Още няма скинове
CHROME_SKIN_SELL,Sell on marketplace,在市场上出售,Продать на торговой площадке,Vender en el mercado,Vender no mercado,Auf dem Marktplatz verkaufen,マーケットで売る,Vendre sur le marché,Sprzedaj na rynku,장터에 판매,在市集上出售,Pazarda sat,Продати на торговому майданчику,Vendi sul mercato,Prodat na tržišti,Eladás a piacon,Bán trên chợ,Sälj på marknaden,Verkopen op de markt,Sælg på markedet,Jual di pasar,Myy torilla,Selg på markedet,Vinde pe piață,Πώληση στην αγορά,Продай на пазара
CHROME_SKIN_RARITY,Rarity: %s,稀有度：%s,Редкость: %s,Rareza: %s,Raridade: %s,Seltenheit: %s,レア度：%s,Rareté : %s,Rzadkość: %s,희귀도: %s,稀有度：%s,Nadirlik: %s,Рідкість: %s,Rarità: %s,Vzácnost: %s,Ritkaság: %s,Độ hiếm: %s,Sällsynthet: %s,Zeldzaamheid: %s,Sjældenhed: %s,Kelangkaan: %s,Harvinaisuus: %s,Sjeldenhet: %s,Raritate: %s,Σπανιότητα: %s,Рядкост: %s
CHROME_SKIN_WEAR,Wear: %s,磨损：%s,Износ: %s,Desgaste: %s,Desgaste: %s,Abnutzung: %s,摩耗：%s,Usure : %s,Zużycie: %s,마모도: %s,磨損：%s,Aşınma: %s,Знос: %s,Usura: %s,Opotřebení: %s,Kopottság: %s,Độ mòn: %s,Slitage: %s,Slijtage: %s,Slid: %s,Keausan: %s,Kuluma: %s,Slitasje: %s,Uzură: %s,Φθορά: %s,Износване: %s
CHROME_SKIN_ID,ID: #%d,ID: #%d,ID: #%d,ID: #%d,ID: #%d,ID: #%d,ID: #%d,ID: #%d,ID: #%d,ID: #%d,ID: #%d,ID: #%d,ID: #%d,ID: #%d,ID: #%d,ID: #%d,ID: #%d,ID: #%d,ID: #%d,ID: #%d,ID: #%d,ID: #%d,ID: #%d,ID: #%d,ID: #%d,ID: #%d
SKIN_RARITY_COMMON,Common,普通,Обычный,Común,Comum,Gewöhnlich,コモン,Commun,Pospolity,일반,普通,Sıradan,Звичайний,Comune,Běžný,Gyakori,Phổ biến,Vanlig,Gewoon,Almindelig,Biasa,Tavallinen,Vanlig,Comun,Κοινό,Обикновен
SKIN_RARITY_UNCOMMON,Uncommon,少见,Необычный,Poco común,Incomum,Ungewöhnlich,アンコモン,Peu commun,Niepospolity,고급,少見,Nadir olmayan,Незвичайний,Non comune,Neobvyklý,Nem gyakori,Không phổ biến,Ovanlig,Ongewoon,Ualmindelig,Tidak biasa,Epätavallinen,Uvanlig,Neobișnuit,Ασυνήθιστο,Необичаен
SKIN_RARITY_RARE,Rare,稀有,Редкий,Raro,Raro,Selten,レア,Rare,Rzadki,희귀,稀有,Nadir,Рідкісний,Raro,Vzácný,Ritka,Hiếm,Sällsynt,Zeldzaam,Sjælden,Langka,Harvinainen,Sjelden,Rar,Σπάνιο,Рядък
SKIN_RARITY_EXOTIC,Exotic,奇异,Экзотический,Exótico,Exótico,Exotisch,エキゾチック,Exotique,Egzotyczny,이국적,奇異,Egzotik,Екзотичний,Esotico,Exotický,Egzotikus,Kỳ lạ,Exotisk,Exotisch,Eksotisk,Eksotis,Eksoottinen,Eksotisk,Exotic,Εξωτικό,Екзотичен
SKIN_RARITY_LEGENDARY,Legendary,传说,Легендарный,Legendario,Lendário,Legendär,レジェンダリー,Légendaire,Legendarny,전설,傳說,Efsanevi,Легендарний,Leggendario,Legendární,Legendás,Huyền thoại,Legendarisk,Legendarisch,Legendarisk,Legendaris,Legendaarinen,Legendarisk,Legendar,Θρυλικό,Легендарен
CHROME_SKIN_NEW,New,新,Новый,Nuevo,Novo,Neu,新着,Neuf,Nowy,신규,新,Yeni,Новий,Nuovo,Nový,Új,Mới,Ny,Nieuw,Ny,Baru,Uusi,Ny,Nou,Νέο,Нов
